dataset_id,title,so_ky_hieu,source_locator,official_source_url,official_lookup_status,local_evidence_access_date,local_provenance,article_candidates,candidate_basis,issuer_and_version_signals,review_status,owner_decision
05612000-7a11-11f1-bd03-856520a73b9d,Thông tư số 08/2026/TT-BNV Quy định chi tiết và hướng dẫn thi hành một số điều của Nghị định số 337/2025/NĐ-CP ngày 24 tháng 12 năm 2025 của Chính phủ quy định về hợp đồng lao động điện tử,08/2026/TT-BNV,vbpl_id:05612000-7a11-11f1-bd03-856520a73b9d@8977887f17be2defae4c5171d55562e1cde7d695,,unverified: no reliable official-page locator was verified from local evidence,2026-09-29,priority+decisions+articles@8977887f17be2defae4c5171d55562e1cde7d695,Điều 1 [96155974-2c29-5d0d-ada4-f93868535080] offsets 3677:4361 | Điều 2 [71d2ac7c-2984-5e98-aaa1-6dbe7446399c] offsets 4361:5189 | Điều 3 [da4af0a7-d618-5113-98ca-57a8728bce39] offsets 5189:8619 | Điều 4 [317cedee-b9c8-568e-8a6d-faa4b326e1b5] offsets 8619:10320 | Điều 5 [c2e9cf55-db95-51ed-82a7-cde686e35f80] offsets 10320:11680 | Điều 6 [92be7dc4-75d5-5668-be97-f7ddd1258471] offsets 11680:17922 | Điều 7 [69d99167-8b51-595d-afb4-3c16ae205422] offsets 17922:20700 | Điều 8 [b2ed9c07-74e0-5526-a24c-2af36412c82e] offsets 20700:23123 | Điều 9 [5f705308-b297-5a37-849f-58552106243e] offsets 23123:26086 | Điều 10 [b29db219-f8b6-58ff-af3d-de924d601182] offsets 26086:30786 | Điều 12 [c93b5ebf-9eb2-5efb-9d7a-a8592d260603] offsets 32248:34048 | Điều 13 [3552ddf2-8947-54eb-8299-230491a5741c] offsets 34048:36840 | Điều 14 [a7558e81-24dc-52c6-9e02-5e8fd461dbc7] offsets 36840:39712 | Điều 15 [7ae4f30c-f033-5b71-adf1-fad863525bd7] offsets 39712:42086 | Điều 16 [bf9a1263-4324-5d39-9b73-b00728637c8f] offsets 42086:44607 | Điều 17 [d25bc90c-4ad1-5d70-b070-aabbea773de6] offsets 44607:48023 | Điều 18 [a325285e-7a51-5085-899f-bfe14ca3b242] offsets 48023:51368 | Điều 19 [ed9813e8-a4da-55db-adbf-b96f791cabde] offsets 51368:53964 | Điều 20 [eebc4818-f768-5d6c-b518-6aaf8a14473b] offsets 53964:57348 | Điều 21 [92e76f4e-f3bb-5e4b-a5ad-e18e4f5f346f] offsets 57348:58220 | Điều 22 [76f2ac7a-5576-5b00-bdfe-8e2e8bd35cd3] offsets 58220:61160 | Điều 24 [88e74854-dade-52ff-8b60-60e5f80c5f98] offsets 61852:111810,stored-text term match only; owner must confirm ordinary adult private-sector applicability,issuer=Bộ Nội vụ; issuer_signal=central_issuer_signal; all_flags_json=[]; expiry_state=unknown_expiry; reported_expiry=; reported_status=Còn hiệu lực; current_validity=unverified,"unverified: source authority, version, dates, scope, and validity pending owner review",pending
0cda40f0-5446-11f1-a238-7b6efe7665d0,"Sửa đổi, bổ sung một số điều của Thông tư số 21/2021/TT-BLĐTBXH ngày 15 tháng 12 năm 2021 của Bộ trưởng Bộ Lao động – Thương binh và Xã hội quy định chi tiết một số điều của Luật Người lao động Việt Nam đi làm việc ở nước ngoài theo hợp đồng",09/2026/TT-BNV,vbpl_id:0cda40f0-5446-11f1-a238-7b6efe7665d0@8977887f17be2defae4c5171d55562e1cde7d695,,unverified: no reliable official-page locator was verified from local evidence,2026-09-29,priority+decisions+articles@8977887f17be2defae4c5171d55562e1cde7d695,Điều 1 [597b258a-0903-546b-b568-b630ab7598ec] offsets 2548:8289 | Điều 4 [236c1915-3243-55ff-8479-45bc90053046] offsets 13279:56319 | Điều 3 [d95fdcfd-f7b1-50b8-92d4-0ec07a70a1b8] offsets 56319:58511 | Điều 8 [ecc1587b-f736-5c0c-8f3a-f6bba546127f] offsets 62532:64333 | Điều 10 [8f92f189-794f-5836-a8ea-5efc957f1999] offsets 64435:127799 | Điều 19 [982ad345-09e1-5cfb-986e-ca2e06c8b441] offsets 127799:172956,stored-text term match only; owner must confirm ordinary adult private-sector applicability,issuer=Bộ Nội vụ; issuer_signal=central_issuer_signal; all_flags_json=[]; expiry_state=unknown_expiry; reported_expiry=; reported_status=Còn hiệu lực; current_validity=unverified,"unverified: source authority, version, dates, scope, and validity pending owner review",pending
10085,"Thông tư liên tịch số 10/LB-TT Hướng dẫn thực hiện quy định tạm thời chế độ tiền lương mới đối với cán bộ, nhân viên ngành Cơ yếu.",10/LB-TT,vbpl_id:10085@8977887f17be2defae4c5171d55562e1cde7d695,,unverified: no reliable official-page locator was verified from local evidence,2026-09-29,priority+decisions+articles@8977887f17be2defae4c5171d55562e1cde7d695,none derived from stored scope terms,stored-text term match only; owner must confirm ordinary adult private-sector applicability,"issuer=Bộ Lao động - Thương binh và Xã hội, Bộ Tài chính, Ban Tổ chức - Cán bộ Chính phủ; issuer_signal=central_issuer_signal; all_flags_json=[]; expiry_state=unknown_expiry; reported_expiry=; reported_status=Hết hiệu lực toàn bộ; current_validity=unverified","unverified: source authority, version, dates, scope, and validity pending owner review",pending
10150,Thông tư số 15/BXD-QLN Sửa đổi Thông tư số 27/LB-TT ngày 31-12-1992 của Liên Bộ Lao động- Thương binh và Xã hội- Tài chính- Xây dựng hướng dẫn thực hiện nhà ở vào tiền lương,15/BXD-QLN,vbpl_id:10150@8977887f17be2defae4c5171d55562e1cde7d695,,unverified: no reliable official-page locator was verified from local evidence,2026-09-29,priority+decisions+articles@8977887f17be2defae4c5171d55562e1cde7d695,none derived from stored scope terms,stored-text term match only; owner must confirm ordinary adult private-sector applicability,issuer=Bộ Xây dựng; issuer_signal=central_issuer_signal; all_flags_json=[]; expiry_state=unknown_expiry; reported_expiry=; reported_status=Còn hiệu lực; current_validity=unverified,"unverified: source authority, version, dates, scope, and validity pending owner review",pending
104481,"Quyết định số 17/2016/QĐ-TTg Về áp dụng hệ số điều chỉnh mức lương cơ sở tăng thêm đối với công chức và người lao động làm việc tại Ban Quản lý Làng Văn hóa - Du lịch các dân tộc Việt Nam thuộc Bộ Văn hóa, Thể thao và Du lịch",17/2016/QĐ-TTg,vbpl_id:104481@8977887f17be2defae4c5171d55562e1cde7d695,,unverified: no reliable official-page locator was verified from local evidence,2026-09-29,priority+decisions+articles@8977887f17be2defae4c5171d55562e1cde7d695,Điều 2 [ab9b3f51-c7aa-5670-ac9e-2f9d11d8c185] offsets 3203:5778,stored-text term match only; owner must confirm ordinary adult private-sector applicability,issuer=Thủ tướng Chính phủ; issuer_signal=central_issuer_signal; all_flags_json=[]; expiry_state=reported_expiry_unverified; reported_expiry=21/12/2023; reported_status=Hết hiệu lực toàn bộ; current_validity=unverified,"unverified: source authority, version, dates, scope, and validity pending owner review",pending
10463,Thông tư số 18/LĐTBXH-TT Hướng dẫn chế độ trả lương làm thêm giờ và phụ cấp làm đêm,18/LĐTBXH-TT,vbpl_id:10463@8977887f17be2defae4c5171d55562e1cde7d695,,unverified: no reliable official-page locator was verified from local evidence,2026-09-29,priority+decisions+articles@8977887f17be2defae4c5171d55562e1cde7d695,none derived from stored scope terms,stored-text term match only; owner must confirm ordinary adult private-sector applicability,issuer=Bộ Lao động - Thương binh và Xã hội; issuer_signal=central_issuer_signal; all_flags_json=[]; expiry_state=unknown_expiry; reported_expiry=; reported_status=Còn hiệu lực; current_validity=unverified,"unverified: source authority, version, dates, scope, and validity pending owner review",pending
10464,"Nghị quyết số 52/NQ-UBTVQHK9 Quy định chế độ tiền lương mới của Trưởng ban, Phó trưởng ban Hội đồng nhân dân tỉnh, Hội đồng nhân dân huyện và cấp tương đương",52/NQ-UBTVQHK9,vbpl_id:10464@8977887f17be2defae4c5171d55562e1cde7d695,,unverified: no reliable official-page locator was verified from local evidence,2026-09-29,priority+decisions+articles@8977887f17be2defae4c5171d55562e1cde7d695,none derived from stored scope terms,stored-text term match only; owner must confirm ordinary adult private-sector applicability,issuer=Uỷ ban Thường vụ Quốc hội; issuer_signal=central_issuer_signal; all_flags_json=[]; expiry_state=reported_expiry_unverified; reported_expiry=01/10/2004; reported_status=Hết hiệu lực toàn bộ; current_validity=unverified,"unverified: source authority, version, dates, scope, and validity pending owner review",pending
105721,"Thông tư số 24/2015/TT-BCT Quy định về thời giờ làm việc, thời giờ nghỉ ngơi đối với người lao động làm các công việc có tính chất đặc biệt trong lĩnh vực thăm dò, khai thác dầu khí trên biển",24/2015/TT-BCT,vbpl_id:105721@8977887f17be2defae4c5171d55562e1cde7d695,,unverified: no reliable official-page locator was verified from local evidence,2026-09-29,priority+decisions+articles@8977887f17be2defae4c5171d55562e1cde7d695,Điều 1 [32b5f8d7-1855-5995-a1f3-bbfe10c8f477] offsets 1998:2250 | Điều 3 [a66c7ce5-fd06-5657-9fb4-5dcb33240b9b] offsets 2726:3697 | Điều 4 [06510a98-2070-5414-8d14-8f800e56eb3d] offsets 3697:4169 | Điều 5 [69a45a0a-3ba7-5781-bf3f-37e2043b235c] offsets 4169:7732 | Điều 7 [4b3c212f-a7f9-5786-9320-090257ee6152] offsets 8460:9328 | Điều 8 [9b567efc-920c-5641-aa4c-f0c2d8168c43] offsets 9328:10043,stored-text term match only; owner must confirm ordinary adult private-sector applicability,issuer=Bộ Công Thương; issuer_signal=central_issuer_signal; all_flags_json=[]; expiry_state=reported_expiry_unverified; reported_expiry=25/12/2023; reported_status=Hết hiệu lực toàn bộ; current_validity=unverified,"unverified: source authority, version, dates, scope, and validity pending owner review",pending
10574,"Thông tư số 32/LĐTBXH-TT Hướng dẫn thi hành chế độ tiền lương để lại cho gia đinh đối với cán bộ công nhân viên Nhà nước, lực lượng vũ trang đi công tác, làm việc, học tập ở nước ngoài",32/LĐTBXH-TT,vbpl_id:10574@8977887f17be2defae4c5171d55562e1cde7d695,,unverified: no reliable official-page locator was verified from local evidence,2026-09-29,priority+decisions+articles@8977887f17be2defae4c5171d55562e1cde7d695,none derived from stored scope terms,stored-text term match only; owner must confirm ordinary adult private-sector applicability,issuer=Bộ Lao động - Thương binh và Xã hội; issuer_signal=central_issuer_signal; all_flags_json=[]; expiry_state=unknown_expiry; reported_expiry=; reported_status=Còn hiệu lực; current_validity=unverified,"unverified: source authority, version, dates, scope, and validity pending owner review",pending
10581,"Thông tư liên tịch số 21/TT-LB Thông tư thi hành NÐ 26/CP ngày 23/5/1993 của Chính phủ quy định tạm thời chế độ tiền lương mới trong doanh nghiệp, Liên bộ Lao động - Thương binh và Xã hội và Tài chính hướng dẫn thực hiện xếp hạng doanh nghiệp",21/TT-LB,vbpl_id:10581@8977887f17be2defae4c5171d55562e1cde7d695,,unverified: no reliable official-page locator was verified from local evidence,2026-09-29,priority+decisions+articles@8977887f17be2defae4c5171d55562e1cde7d695,none derived from stored scope terms,stored-text term match only; owner must confirm ordinary adult private-sector applicability,"issuer=Bộ Tài chính, Bộ Lao động - Thương binh và Xã hội; issuer_signal=central_issuer_signal; all_flags_json=[]; expiry_state=unknown_expiry; reported_expiry=; reported_status=Còn hiệu lực; current_validity=unverified","unverified: source authority, version, dates, scope, and validity pending owner review",pending
105814,"Nghị định số 53/2016/NĐ-CP Quy định về lao động, tiền lương, thù lao, tiền thưởng đối với công ty có cổ phần, vốn góp chi phối của Nhà nước",53/2016/NĐ-CP,vbpl_id:105814@8977887f17be2defae4c5171d55562e1cde7d695,,unverified: no reliable official-page locator was verified from local evidence,2026-09-29,priority+decisions+articles@8977887f17be2defae4c5171d55562e1cde7d695,Điều 4 [d7dd7b50-aed5-5df2-b4f5-994551e1e27e] offsets 3288:4152 | Điều 5 [e1237ec7-c20d-510d-bb32-fce1f8d4a9e7] offsets 4152:5895,stored-text term match only; owner must confirm ordinary adult private-sector applicability,issuer=Chính phủ; issuer_signal=central_issuer_signal; all_flags_json=[]; expiry_state=reported_expiry_unverified; reported_expiry=15/04/2025; reported_status=Hết hiệu lực toàn bộ; current_validity=unverified,"unverified: source authority, version, dates, scope, and validity pending owner review",pending
105815,"Nghị định số 52/2016/NĐ-CP Quy định tiền lương, thù lao, tiền thưởng đối với người quản lý công ty trách nhiệm hữu hạn một thành viên do Nhà nước nắm giữ 100% vốn điều lệ",52/2016/NĐ-CP,vbpl_id:105815@8977887f17be2defae4c5171d55562e1cde7d695,,unverified: no reliable official-page locator was verified from local evidence,2026-09-29,priority+decisions+articles@8977887f17be2defae4c5171d55562e1cde7d695,Điều 2 [4fef9320-9882-579a-9329-8dbaf3eefd9d] offsets 1992:2885,stored-text term match only; owner must confirm ordinary adult private-sector applicability,issuer=Chính phủ; issuer_signal=central_issuer_signal; all_flags_json=[]; expiry_state=reported_expiry_unverified; reported_expiry=15/04/2025; reported_status=Hết hiệu lực toàn bộ; current_validity=unverified,"unverified: source authority, version, dates, scope, and validity pending owner review",pending
105816,"Nghị định số 51/2016/NĐ-CP Quy định quản lý lao động, tiền lương và tiền thưởng đối với người lao động làm việc trong công ty trách nhiệm hữu hạn một thành viên do Nhà nước nắm giữ 100% vốn điều lệ",51/2016/NĐ-CP,vbpl_id:105816@8977887f17be2defae4c5171d55562e1cde7d695,,unverified: no reliable official-page locator was verified from local evidence,2026-09-29,priority+decisions+articles@8977887f17be2defae4c5171d55562e1cde7d695,Điều 2 [88f1e666-2579-5eeb-9cf9-edbfac529bea] offsets 5296:6937 | Điều 3 [4589c308-5cb1-5454-9139-f07d90de560c] offsets 6937:11671 | Điều 5 [e42422bb-05fc-5905-8ad1-4153e7d92f23] offsets 12595:19242 | Điều 10 [103ef0ab-7de7-5a28-b823-0e783569a1b2] offsets 33573:38800,stored-text term match only; owner must confirm ordinary adult private-sector applicability,issuer=Chính phủ; issuer_signal=central_issuer_signal; all_flags_json=[]; expiry_state=unknown_expiry; reported_expiry=; reported_status=Còn hiệu lực; current_validity=unverified,"unverified: source authority, version, dates, scope, and validity pending owner review",pending
10582,"Thông tư liên tịch số 20/LB-TT Thông tư hướng dẫn thực hiện quản lý tiền lương, tiền thưởng trong các doanh nghiệp",20/LB-TT,vbpl_id:10582@8977887f17be2defae4c5171d55562e1cde7d695,,unverified: no reliable official-page locator was verified from local evidence,2026-09-29,priority+decisions+articles@8977887f17be2defae4c5171d55562e1cde7d695,none derived from stored scope terms,stored-text term match only; owner must confirm ordinary adult private-sector applicability,"issuer=Bộ Tài chính, Bộ Lao động - Thương binh và Xã hội; issuer_signal=central_issuer_signal; all_flags_json=[]; expiry_state=unknown_expiry; reported_expiry=; reported_status=Còn hiệu lực; current_validity=unverified","unverified: source authority, version, dates, scope, and validity pending owner review",pending
10584,"Quyết định số 207/LĐTBXH-QĐ Về việc phát hành, quản lý và sử dụng bản hợp đồng lao động",207/LĐTBXH-QĐ,vbpl_id:10584@8977887f17be2defae4c5171d55562e1cde7d695,,unverified: no reliable official-page locator was verified from local evidence,2026-09-29,priority+decisions+articles@8977887f17be2defae4c5171d55562e1cde7d695,Điều 1 [b85b2d25-9074-519f-85bf-f872a49be049] offsets 1569:1852 | Điều 2 [c8984729-8119-5b59-9f0b-1b4d4c70972c] offsets 1852:2573 | Điều 3 [44e04d75-faf0-5648-a203-bda08f8bea99] offsets 2573:3774 | Điều 4 [435a1278-0438-592b-97b0-8f81c435facb] offsets 3774:7293 | Điều 1 [be1ad817-ab05-55d1-94b0-79d37a7fa5ec] offsets 7293:8120 | Điều 2 [198ffa3f-e5c2-5d14-8dc0-4ebd86ed5e55] offsets 8120:9130 | Điều 3 [aa942218-a1de-5020-b538-40cbb1ff8a9e] offsets 9130:13902 | Điều 4 [08e3cf35-5d00-5af3-a895-28fa06050c24] offsets 13902:14838 | Điều 5 [730c5251-abb4-5c2d-9799-b524f6db1300] offsets 14838:16444 | Điều 6 [e18e1191-1736-5032-8449-01ebf50eba6e] offsets 16444:26340 | Điều 1 [22a18958-a737-588d-9afd-8dbc0a13ddc1] offsets 26340:28694 | Điều 3 [4c1094a0-e14a-5014-9dbe-2283b4e71d0c] offsets 30184:37769 | Điều 4 [cd2fd76c-a31b-5e9e-a39e-c94c172ebb72] offsets 37769:39463 | Điều 5 [9ec1f960-7ada-5548-9eb3-94a0509935c8] offsets 39463:41193,stored-text term match only; owner must confirm ordinary adult private-sector applicability,issuer=Bộ Lao động - Thương binh và Xã hội; issuer_signal=central_issuer_signal; all_flags_json=[]; expiry_state=reported_expiry_unverified; reported_expiry=11/10/2003; reported_status=Hết hiệu lực toàn bộ; current_validity=unverified,"unverified: source authority, version, dates, scope, and validity pending owner review",pending
10630,"Thông tư liên tịch số 28/LB-TT Hướng dẫn bổ sung thực hiện chế độ tiền lương mới đối với công nhân, viên chức trong các doanh nghiệp",28/LB-TT,vbpl_id:10630@8977887f17be2defae4c5171d55562e1cde7d695,,unverified: no reliable official-page locator was verified from local evidence,2026-09-29,priority+decisions+articles@8977887f17be2defae4c5171d55562e1cde7d695,none derived from stored scope terms,stored-text term match only; owner must confirm ordinary adult private-sector applicability,"issuer=Bộ Tài chính, Bộ Lao động - Thương binh và Xã hội; issuer_signal=central_issuer_signal; all_flags_json=[]; expiry_state=reported_expiry_unverified; reported_expiry=22/01/2005; reported_status=Hết hiệu lực toàn bộ; current_validity=unverified","unverified: source authority, version, dates, scope, and validity pending owner review",pending
106599,"Thông tư số 05/2016/TT-BLĐTBXH Hướng dẫn thi hành một số điều của Nghị định số 26/2016/NĐ-CP ngày 06/04/2016 của Chính phủ quy định chế độ quản lý trợ cấp, phụ cấp đối với công chức, viên chức và người lao động làm việc tại các cơ sở quản lý người nghiện ma túy, người sau cai nghiện ma túy và cơ sở trợ giúp xã hội công lập",05/2016/TT-BLĐTBXH,vbpl_id:106599@8977887f17be2defae4c5171d55562e1cde7d695,,unverified: no reliable official-page locator was verified from local evidence,2026-09-29,priority+decisions+articles@8977887f17be2defae4c5171d55562e1cde7d695,none derived from stored scope terms,stored-text term match only; owner must confirm ordinary adult private-sector applicability,issuer=Bộ Lao động - Thương binh và Xã hội; issuer_signal=central_issuer_signal; all_flags_json=[]; expiry_state=unknown_expiry; reported_expiry=; reported_status=Còn hiệu lực; current_validity=unverified,"unverified: source authority, version, dates, scope, and validity pending owner review",pending
10707,Nghị định số 26-CP Quy định tạm thời chế độ tiền lương mới trong các doanh nghiệp,26-CP,vbpl_id:10707@8977887f17be2defae4c5171d55562e1cde7d695,,unverified: no reliable official-page locator was verified from local evidence,2026-09-29,priority+decisions+articles@8977887f17be2defae4c5171d55562e1cde7d695,Điều 6 [5d4f1239-6b47-54e1-b777-c3d5323d517b] offsets 5804:6034 | Điều 8 [650e769d-14bf-56cc-8bff-ad12e077b1eb] offsets 6560:7534,stored-text term match only; owner must confirm ordinary adult private-sector applicability,issuer=Chính phủ; issuer_signal=central_issuer_signal; all_flags_json=[]; expiry_state=reported_expiry_unverified; reported_expiry=04/01/2005; reported_status=Hết hiệu lực toàn bộ; current_validity=unverified,"unverified: source authority, version, dates, scope, and validity pending owner review",pending
10708,"Nghị định số 25-CP Quy định tạm thời chế độ tiền lương mới của công chức, viên chức hành chính, sự nghiệp và lực lượng vũ trang",25-CP,vbpl_id:10708@8977887f17be2defae4c5171d55562e1cde7d695,,unverified: no reliable official-page locator was verified from local evidence,2026-09-29,priority+decisions+articles@8977887f17be2defae4c5171d55562e1cde7d695,Điều 7 [9b2c42b2-11df-5d3d-be2c-6ba26c576c26] offsets 7397:7561,stored-text term match only; owner must confirm ordinary adult private-sector applicability,issuer=Chính phủ; issuer_signal=central_issuer_signal; all_flags_json=[]; expiry_state=reported_expiry_unverified; reported_expiry=04/01/2005; reported_status=Hết hiệu lực toàn bộ; current_validity=unverified,"unverified: source authority, version, dates, scope, and validity pending owner review",pending
10709,Chỉ thị số 239-TTg Về triển khai chế độ tiền lương mới,239-TTg,vbpl_id:10709@8977887f17be2defae4c5171d55562e1cde7d695,,unverified: no reliable official-page locator was verified from local evidence,2026-09-29,priority+decisions+articles@8977887f17be2defae4c5171d55562e1cde7d695,none derived from stored scope terms,stored-text term match only; owner must confirm ordinary adult private-sector applicability,issuer=Thủ tướng Chính phủ; issuer_signal=central_issuer_signal; all_flags_json=[]; expiry_state=unknown_expiry; reported_expiry=; reported_status=Còn hiệu lực; current_validity=unverified,"unverified: source authority, version, dates, scope, and validity pending owner review",pending
