dataset_id,article_id,article_label,source_start,source_end
05612000-7a11-11f1-bd03-856520a73b9d,96155974-2c29-5d0d-ada4-f93868535080,Điều 1,3677,4361
05612000-7a11-11f1-bd03-856520a73b9d,71d2ac7c-2984-5e98-aaa1-6dbe7446399c,Điều 2,4361,5189
05612000-7a11-11f1-bd03-856520a73b9d,da4af0a7-d618-5113-98ca-57a8728bce39,Điều 3,5189,8619
05612000-7a11-11f1-bd03-856520a73b9d,317cedee-b9c8-568e-8a6d-faa4b326e1b5,Điều 4,8619,10320
05612000-7a11-11f1-bd03-856520a73b9d,c2e9cf55-db95-51ed-82a7-cde686e35f80,Điều 5,10320,11680
05612000-7a11-11f1-bd03-856520a73b9d,92be7dc4-75d5-5668-be97-f7ddd1258471,Điều 6,11680,17922
05612000-7a11-11f1-bd03-856520a73b9d,69d99167-8b51-595d-afb4-3c16ae205422,Điều 7,17922,20700
05612000-7a11-11f1-bd03-856520a73b9d,b2ed9c07-74e0-5526-a24c-2af36412c82e,Điều 8,20700,23123
05612000-7a11-11f1-bd03-856520a73b9d,5f705308-b297-5a37-849f-58552106243e,Điều 9,23123,26086
05612000-7a11-11f1-bd03-856520a73b9d,b29db219-f8b6-58ff-af3d-de924d601182,Điều 10,26086,30786
05612000-7a11-11f1-bd03-856520a73b9d,c93b5ebf-9eb2-5efb-9d7a-a8592d260603,Điều 12,32248,34048
05612000-7a11-11f1-bd03-856520a73b9d,3552ddf2-8947-54eb-8299-230491a5741c,Điều 13,34048,36840
05612000-7a11-11f1-bd03-856520a73b9d,a7558e81-24dc-52c6-9e02-5e8fd461dbc7,Điều 14,36840,39712
05612000-7a11-11f1-bd03-856520a73b9d,7ae4f30c-f033-5b71-adf1-fad863525bd7,Điều 15,39712,42086
05612000-7a11-11f1-bd03-856520a73b9d,bf9a1263-4324-5d39-9b73-b00728637c8f,Điều 16,42086,44607
05612000-7a11-11f1-bd03-856520a73b9d,d25bc90c-4ad1-5d70-b070-aabbea773de6,Điều 17,44607,48023
05612000-7a11-11f1-bd03-856520a73b9d,a325285e-7a51-5085-899f-bfe14ca3b242,Điều 18,48023,51368
05612000-7a11-11f1-bd03-856520a73b9d,ed9813e8-a4da-55db-adbf-b96f791cabde,Điều 19,51368,53964
05612000-7a11-11f1-bd03-856520a73b9d,eebc4818-f768-5d6c-b518-6aaf8a14473b,Điều 20,53964,57348
05612000-7a11-11f1-bd03-856520a73b9d,92e76f4e-f3bb-5e4b-a5ad-e18e4f5f346f,Điều 21,57348,58220
05612000-7a11-11f1-bd03-856520a73b9d,76f2ac7a-5576-5b00-bdfe-8e2e8bd35cd3,Điều 22,58220,61160
05612000-7a11-11f1-bd03-856520a73b9d,88e74854-dade-52ff-8b60-60e5f80c5f98,Điều 24,61852,111810
0cda40f0-5446-11f1-a238-7b6efe7665d0,597b258a-0903-546b-b568-b630ab7598ec,Điều 1,2548,8289
0cda40f0-5446-11f1-a238-7b6efe7665d0,236c1915-3243-55ff-8479-45bc90053046,Điều 4,13279,56319
0cda40f0-5446-11f1-a238-7b6efe7665d0,d95fdcfd-f7b1-50b8-92d4-0ec07a70a1b8,Điều 3,56319,58511
0cda40f0-5446-11f1-a238-7b6efe7665d0,ecc1587b-f736-5c0c-8f3a-f6bba546127f,Điều 8,62532,64333
0cda40f0-5446-11f1-a238-7b6efe7665d0,8f92f189-794f-5836-a8ea-5efc957f1999,Điều 10,64435,127799
0cda40f0-5446-11f1-a238-7b6efe7665d0,982ad345-09e1-5cfb-986e-ca2e06c8b441,Điều 19,127799,172956
104481,ab9b3f51-c7aa-5670-ac9e-2f9d11d8c185,Điều 2,3203,5778
105721,32b5f8d7-1855-5995-a1f3-bbfe10c8f477,Điều 1,1998,2250
105721,a66c7ce5-fd06-5657-9fb4-5dcb33240b9b,Điều 3,2726,3697
105721,06510a98-2070-5414-8d14-8f800e56eb3d,Điều 4,3697,4169
105721,69a45a0a-3ba7-5781-bf3f-37e2043b235c,Điều 5,4169,7732
105721,4b3c212f-a7f9-5786-9320-090257ee6152,Điều 7,8460,9328
105721,9b567efc-920c-5641-aa4c-f0c2d8168c43,Điều 8,9328,10043
105814,d7dd7b50-aed5-5df2-b4f5-994551e1e27e,Điều 4,3288,4152
105814,e1237ec7-c20d-510d-bb32-fce1f8d4a9e7,Điều 5,4152,5895
105815,4fef9320-9882-579a-9329-8dbaf3eefd9d,Điều 2,1992,2885
105816,88f1e666-2579-5eeb-9cf9-edbfac529bea,Điều 2,5296,6937
105816,4589c308-5cb1-5454-9139-f07d90de560c,Điều 3,6937,11671
105816,e42422bb-05fc-5905-8ad1-4153e7d92f23,Điều 5,12595,19242
105816,103ef0ab-7de7-5a28-b823-0e783569a1b2,Điều 10,33573,38800
10584,b85b2d25-9074-519f-85bf-f872a49be049,Điều 1,1569,1852
10584,c8984729-8119-5b59-9f0b-1b4d4c70972c,Điều 2,1852,2573
10584,44e04d75-faf0-5648-a203-bda08f8bea99,Điều 3,2573,3774
10584,435a1278-0438-592b-97b0-8f81c435facb,Điều 4,3774,7293
10584,be1ad817-ab05-55d1-94b0-79d37a7fa5ec,Điều 1,7293,8120
10584,198ffa3f-e5c2-5d14-8dc0-4ebd86ed5e55,Điều 2,8120,9130
10584,aa942218-a1de-5020-b538-40cbb1ff8a9e,Điều 3,9130,13902
10584,08e3cf35-5d00-5af3-a895-28fa06050c24,Điều 4,13902,14838
10584,730c5251-abb4-5c2d-9799-b524f6db1300,Điều 5,14838,16444
10584,e18e1191-1736-5032-8449-01ebf50eba6e,Điều 6,16444,26340
10584,22a18958-a737-588d-9afd-8dbc0a13ddc1,Điều 1,26340,28694
10584,4c1094a0-e14a-5014-9dbe-2283b4e71d0c,Điều 3,30184,37769
10584,cd2fd76c-a31b-5e9e-a39e-c94c172ebb72,Điều 4,37769,39463
10584,9ec1f960-7ada-5548-9eb3-94a0509935c8,Điều 5,39463,41193
10707,5d4f1239-6b47-54e1-b777-c3d5323d517b,Điều 6,5804,6034
10707,650e769d-14bf-56cc-8bff-ad12e077b1eb,Điều 8,6560,7534
10708,9b2c42b2-11df-5d3d-be2c-6ba26c576c26,Điều 7,7397,7561
