dataset_id,so_ky_hieu,title,proposed_triage,triage_reason,basis_and_limitations,owner_decision,current_validity
05612000-7a11-11f1-bd03-856520a73b9d,08/2026/TT-BNV,Thông tư số 08/2026/TT-BNV Quy định chi tiết và hướng dẫn thi hành một số điều của Nghị định số 337/2025/NĐ-CP ngày 24 tháng 12 năm 2025 của Chính phủ quy định về hợp đồng lao động điện tử,plausible in-scope,"Electronic employment contracts; stored article candidates discuss employees, employers and e-contracting. Owner must confirm ordinary adult private-sector scope.",Provisional title/stored-text triage only; not a legal scope or applicability conclusion. Article term-match counts are not proof.,pending,unverified
0cda40f0-5446-11f1-a238-7b6efe7665d0,09/2026/TT-BNV,"Sửa đổi, bổ sung một số điều của Thông tư số 21/2021/TT-BLĐTBXH ngày 15 tháng 12 năm 2021 của Bộ trưởng Bộ Lao động – Thương binh và Xã hội quy định chi tiết một số điều của Luật Người lao động Việt Nam đi làm việc ở nước ngoài theo hợp đồng",obvious outside-scope,Amends rules for Vietnamese workers going abroad under contract.,Provisional title/stored-text triage only; not a legal scope or applicability conclusion. Article term-match counts are not proof.,pending,unverified
10085,10/LB-TT,"Thông tư liên tịch số 10/LB-TT Hướng dẫn thực hiện quy định tạm thời chế độ tiền lương mới đối với cán bộ, nhân viên ngành Cơ yếu.",obvious outside-scope,Pay regime for cadres and employees in the cryptographic sector.,Provisional title/stored-text triage only; not a legal scope or applicability conclusion. Article term-match counts are not proof.,pending,unverified
10150,15/BXD-QLN,Thông tư số 15/BXD-QLN Sửa đổi Thông tư số 27/LB-TT ngày 31-12-1992 của Liên Bộ Lao động- Thương binh và Xã hội- Tài chính- Xây dựng hướng dẫn thực hiện nhà ở vào tiền lương,obvious outside-scope,Guidance concerns housing incorporated into wages.,Provisional title/stored-text triage only; not a legal scope or applicability conclusion. Article term-match counts are not proof.,pending,unverified
104481,17/2016/QĐ-TTg,"Quyết định số 17/2016/QĐ-TTg Về áp dụng hệ số điều chỉnh mức lương cơ sở tăng thêm đối với công chức và người lao động làm việc tại Ban Quản lý Làng Văn hóa - Du lịch các dân tộc Việt Nam thuộc Bộ Văn hóa, Thể thao và Du lịch",obvious outside-scope,Specific base-pay adjustment for civil servants and workers at a named public cultural-management unit.,Provisional title/stored-text triage only; not a legal scope or applicability conclusion. Article term-match counts are not proof.,pending,unverified
10463,18/LĐTBXH-TT,Thông tư số 18/LĐTBXH-TT Hướng dẫn chế độ trả lương làm thêm giờ và phụ cấp làm đêm,unclear,"Overtime and night-work pay are employment topics, but this 1993 instrument expressly addresses several public-sector categories and exclusions; ordinary private-sector fit requires owner/legal review.",Provisional title/stored-text triage only; not a legal scope or applicability conclusion. Article term-match counts are not proof.,pending,unverified
10464,52/NQ-UBTVQHK9,"Nghị quyết số 52/NQ-UBTVQHK9 Quy định chế độ tiền lương mới của Trưởng ban, Phó trưởng ban Hội đồng nhân dân tỉnh, Hội đồng nhân dân huyện và cấp tương đương",obvious outside-scope,Pay rules for heads and deputy heads of provincial/district People’s Council boards.,Provisional title/stored-text triage only; not a legal scope or applicability conclusion. Article term-match counts are not proof.,pending,unverified
105721,24/2015/TT-BCT,"Thông tư số 24/2015/TT-BCT Quy định về thời giờ làm việc, thời giờ nghỉ ngơi đối với người lao động làm các công việc có tính chất đặc biệt trong lĩnh vực thăm dò, khai thác dầu khí trên biển",obvious outside-scope,Working/rest time is limited to special offshore oil and gas exploration/extraction jobs.,Provisional title/stored-text triage only; not a legal scope or applicability conclusion. Article term-match counts are not proof.,pending,unverified
10574,32/LĐTBXH-TT,"Thông tư số 32/LĐTBXH-TT Hướng dẫn thi hành chế độ tiền lương để lại cho gia đinh đối với cán bộ công nhân viên Nhà nước, lực lượng vũ trang đi công tác, làm việc, học tập ở nước ngoài",obvious outside-scope,Salary regime for state employees and armed forces working/studying overseas.,Provisional title/stored-text triage only; not a legal scope or applicability conclusion. Article term-match counts are not proof.,pending,unverified
10581,21/TT-LB,"Thông tư liên tịch số 21/TT-LB Thông tư thi hành NÐ 26/CP ngày 23/5/1993 của Chính phủ quy định tạm thời chế độ tiền lương mới trong doanh nghiệp, Liên bộ Lao động - Thương binh và Xã hội và Tài chính hướng dẫn thực hiện xếp hạng doanh nghiệp",unclear,"Enterprise-rank classification linked to a historical enterprise pay regime; potential interpretive dependency only, not ordinary individual employment guidance.",Provisional title/stored-text triage only; not a legal scope or applicability conclusion. Article term-match counts are not proof.,pending,unverified
105814,53/2016/NĐ-CP,"Nghị định số 53/2016/NĐ-CP Quy định về lao động, tiền lương, thù lao, tiền thưởng đối với công ty có cổ phần, vốn góp chi phối của Nhà nước",obvious outside-scope,Labour/pay/bonus rules specifically for companies with state-controlled share capital.,Provisional title/stored-text triage only; not a legal scope or applicability conclusion. Article term-match counts are not proof.,pending,unverified
105815,52/2016/NĐ-CP,"Nghị định số 52/2016/NĐ-CP Quy định tiền lương, thù lao, tiền thưởng đối với người quản lý công ty trách nhiệm hữu hạn một thành viên do Nhà nước nắm giữ 100% vốn điều lệ",obvious outside-scope,Manager compensation in wholly state-owned single-member LLCs.,Provisional title/stored-text triage only; not a legal scope or applicability conclusion. Article term-match counts are not proof.,pending,unverified
105816,51/2016/NĐ-CP,"Nghị định số 51/2016/NĐ-CP Quy định quản lý lao động, tiền lương và tiền thưởng đối với người lao động làm việc trong công ty trách nhiệm hữu hạn một thành viên do Nhà nước nắm giữ 100% vốn điều lệ",obvious outside-scope,Employee labour/pay/bonus management in wholly state-owned single-member LLCs.,Provisional title/stored-text triage only; not a legal scope or applicability conclusion. Article term-match counts are not proof.,pending,unverified
10582,20/LB-TT,"Thông tư liên tịch số 20/LB-TT Thông tư hướng dẫn thực hiện quản lý tiền lương, tiền thưởng trong các doanh nghiệp",unclear,Enterprise wage/bonus management guidance is broad in title but is a legacy instrument; actual ordinary private-sector relevance and dependency role are unverified.,Provisional title/stored-text triage only; not a legal scope or applicability conclusion. Article term-match counts are not proof.,pending,unverified
10584,207/LĐTBXH-QĐ,"Quyết định số 207/LĐTBXH-QĐ Về việc phát hành, quản lý và sử dụng bản hợp đồng lao động",plausible in-scope,Employment-contract form; stored article candidates include probation and working time. Legacy status and application need owner/legal review.,Provisional title/stored-text triage only; not a legal scope or applicability conclusion. Article term-match counts are not proof.,pending,unverified
10630,28/LB-TT,"Thông tư liên tịch số 28/LB-TT Hướng dẫn bổ sung thực hiện chế độ tiền lương mới đối với công nhân, viên chức trong các doanh nghiệp",unclear,"Legacy supplement on wage regime for workers in enterprises; could be interpretive history, but individual scope and continuing relevance are unverified.",Provisional title/stored-text triage only; not a legal scope or applicability conclusion. Article term-match counts are not proof.,pending,unverified
106599,05/2016/TT-BLĐTBXH,"Thông tư số 05/2016/TT-BLĐTBXH Hướng dẫn thi hành một số điều của Nghị định số 26/2016/NĐ-CP ngày 06/04/2016 của Chính phủ quy định chế độ quản lý trợ cấp, phụ cấp đối với công chức, viên chức và người lao động làm việc tại các cơ sở quản lý người nghiện ma túy, người sau cai nghiện ma túy và cơ sở trợ giúp xã hội công lập",obvious outside-scope,Allowance guidance for public addiction-treatment and public social-assistance facilities.,Provisional title/stored-text triage only; not a legal scope or applicability conclusion. Article term-match counts are not proof.,pending,unverified
10707,26-CP,Nghị định số 26-CP Quy định tạm thời chế độ tiền lương mới trong các doanh nghiệp,unclear,"Historical temporary wage regime in enterprises; broad potential dependency, but not clearly current or needed for ordinary employment answers.",Provisional title/stored-text triage only; not a legal scope or applicability conclusion. Article term-match counts are not proof.,pending,unverified
10708,25-CP,"Nghị định số 25-CP Quy định tạm thời chế độ tiền lương mới của công chức, viên chức hành chính, sự nghiệp và lực lượng vũ trang",obvious outside-scope,Temporary pay regime for public administrative/service officials and armed forces.,Provisional title/stored-text triage only; not a legal scope or applicability conclusion. Article term-match counts are not proof.,pending,unverified
10709,239-TTg,Chỉ thị số 239-TTg Về triển khai chế độ tiền lương mới,unclear,Directive implementing a historical wage regime; no individual ordinary employment rule is apparent from the stored title.,Provisional title/stored-text triage only; not a legal scope or applicability conclusion. Article term-match counts are not proof.,pending,unverified
